0.007175098747842659,5.535452117433258e-8,6.047519487149325e-8,6.623576656753633e-8,3.7836680121647676e-8,4.5495186090305006e-8,5.611009567381716e-8,7.193727084239654e-8,9.853011141252544e-8,1.5522408281662925e-7,6.584476103853082e-7,0.,0.,0.,0.,0.,0.,0.,0.,0.,0.,0.,0.,0.,0.,0.,0.,0.,0.,0.,0.,0.,0.,0.,0.,0.,0.,0.,0.,0.,0.,0.,0.,0.,0.,0.,0.,0.,0.,0.,0.,0.,0.,0.,0.,0.,0.,0.,0.,0.,0.,0.,0.,0.,0.,0.
4.754683189184355e-8,0.01638019700842348,2.0463036371859056e-7,2.2329854961084308e-7,1.2710801616590292e-7,1.5231949659976328e-7,1.872373429597521e-7,2.392577967138645e-7,3.265784643097414e-7,5.125112538830576e-7,2.156705027520445e-6,1.0651590881240456e-7,7.575438446603233e-8,8.178261018668966e-8,4.606955399177146e-8,5.4650021860885886e-8,6.6505311265906e-8,8.411964384700146e-8,1.1359388684259615e-7,1.7610139312063302e-7,7.220279077078798e-7,0.,0.,0.,0.,0.,0.,0.,0.,0.,0.,0.,0.,0.,0.,0.,0.,0.,0.,0.,0.,0.,0.,0.,0.,0.,0.,0.,0.,0.,0.,0.,0.,0.,0.,0.,0.,0.,0.,0.,0.,0.,0.,0.,0.,0.
4.984771091930233e-8,1.963858808279224e-7,0.018544377765027015,4.4416523405559703e-7,2.5203502561390585e-7,3.0110704402921274e-7,3.690245162285422e-7,4.7012922761577516e-7,6.396889251267352e-7,1.000318526094864e-6,4.1781048218462845e-6,0.,1.5691087672516872e-7,0.,0.,0.,0.,0.,0.,0.,0.,1.211167439902486e-7,8.512532368258545e-8,4.74229861361441e-8,5.56387013286268e-8,6.695626613397407e-8,8.371538401485652e-8,1.1164853936983152e-7,1.705879145317624e-7,6.772078256786225e-7,0.,0.,0.,0.,0.,0.,0.,0.,0.,0.,0.,0.,0.,0.,0.,0.,0.,0.,0.,0.,0.,0.,0.,0.,0.,0.,0.,0.,0.,0.,0.,0.,0.,0.,0.,0.
5.243576655190676e-8,2.0567999809521917e-7,4.264219516155029e-7,0.02097793449118942,4.0600670446569784e-7,4.835046844671315e-7,5.906834813193827e-7,7.500989895500935e-7,1.0171860738087131e-6,1.5845251220122228e-6,6.564355106128854e-6,0.,0.,1.7496297929588312e-7,0.,0.,0.,0.,0.,0.,0.,0.,1.7570638909829553e-7,0.,0.,0.,0.,0.,0.,0.,1.3261791305183305e-7,4.7993841933303986e-8,5.577678745019443e-8,6.646689873224926e-8,8.224456584517419e-8,1.0843925146487677e-7,1.6342964450570147e-7,6.284420879924957e-7,0.,0.,0.,0.,0.,0.,0.,0.,0.,0.,0.,0.,0.,0.,0.,0.,0.,0.,0.,0.,0.,0.,0.,0.,0.,0.,0.,0.
2.8774314636795708e-8,1.123552454245961e-7,2.320727876279548e-7,3.8958332893120036e-7,0.012346366197447532,3.8362552090548505e-7,4.6706233242949673e-7,5.9104730175671e-7,7.985445743232479e-7,1.2386814120070139e-6,5.085093548572844e-6,0.,0.,0.,1.0163502485488132e-7,0.,0.,0.,0.,0.,0.,0.,0.,1.0087931532467353e-7,0.,0.,0.,0.,0.,0.,0.,9.887824061622423e-8,0.,0.,0.,0.,0.,0.,3.8826826307804347e-8,2.965497995956871e-8,3.5027194157921295e-8,4.292972904590413e-8,5.599788539877627e-8,8.328919020445967e-8,3.1015897395988113e-7,0.,0.,0.,0.,0.,0.,0.,0.,0.,0.,0.,0.,0.,0.,0.,0.,0.,0.,0.,0.,0.
3.324352658116e-8,1.291937233658578e-7,2.6581385075770836e-7,4.445371746290451e-7,3.675561208303398e-7,0.015261174468393979,7.45341468336224e-7,9.396245325439434e-7,1.2643681037758103e-6,1.952107942449018e-6,7.932586513033659e-6,0.,0.,0.,0.,1.2413827259398744e-7,0.,0.,0.,0.,0.,0.,0.,0.,1.2187469987134472e-7,0.,0.,0.,0.,0.,0.,0.,1.1825803115220484e-7,0.,0.,0.,0.,0.,0.,6.098318452962783e-8,0.,0.,0.,0.,0.,5.11964297560481e-8,3.964126060239726e-8,4.816266305861902e-8,6.219823881598043e-8,9.135554308909144e-8,3.2948143616901963e-7,0.,0.,0.,0.,0.,0.,0.,0.,0.,0.,0.,0.,0.,0.,0.
3.936914022280608e-8,1.5223290249131667e-7,3.119094770614533e-7,5.194948931684983e-7,4.2779038945698913e-7,7.125217845956293e-7,0.019320457054549246,1.4712946811224512e-6,1.97080382515073e-6,3.0267098641308212e-6,0.000012155636219030466,0.,0.,0.,0.,0.,1.5541287399512796e-7,0.,0.,0.,0.,0.,0.,0.,0.,1.5099246647341048e-7,0.,0.,0.,0.,0.,0.,0.,1.4507690041031115e-7,0.,0.,0.,0.,0.,0.,7.41078628652961e-8,0.,0.,0.,0.,0.,8.151022967171898e-8,0.,0.,0.,0.,6.864472508833476e-8,5.444522935788168e-8,6.964209921685921e-8,1.010392481435716e-7,3.5267348617978135e-7,0.,0.,0.,0.,0.,0.,0.,0.,0.,0.
4.838806207772648e-8,1.8608687758816713e-7,3.7952426600167307e-7,6.292469562017889e-7,5.158174163306927e-7,8.552372272484033e-7,1.4009823099928487e-6,0.02540485023802702,3.144492177096506e-6,4.799327486496906e-6,0.0000190062329185194,0.,0.,0.,0.,0.,0.,2.0218242443639114e-7,0.,0.,0.,0.,0.,0.,0.,0.,1.9443519021105637e-7,0.,0.,0.,0.,0.,0.,0.,1.8499303567486483e-7,0.,0.,0.,0.,0.,0.,9.359201943417318e-8,0.,0.,0.,0.,0.,1.0198429790073967e-7,0.,0.,0.,0.,1.1207288398200094e-7,0.,0.,0.,9.522380128263298e-8,7.895871615609847e-8,1.131579129989165e-7,3.816822660294857e-7,0.,0.,0.,0.,0.,0.
6.331797809898542e-8,2.419959938843719e-7,4.909543694799687e-7,8.097264199351482e-7,6.602400402276046e-7,1.0888201755308136e-6,1.7737470471818162e-6,2.9729323312169468e-6,0.035689588572246266,8.19574955656033e-6,0.00003188620156858787,0.,0.,0.,0.,0.,0.,0.,2.810278950787424e-7,0.,0.,0.,0.,0.,0.,0.,0.,2.6747541269006487e-7,0.,0.,0.,0.,0.,0.,0.,2.519158711883317e-7,0.,0.,0.,0.,0.,0.,1.261612069361922e-7,0.,0.,0.,0.,0.,1.3610025014851493e-7,0.,0.,0.,0.,1.4804851189321933e-7,0.,0.,0.,1.630329940342851e-7,0.,0.,1.4119183533705142e-7,1.2937588541211775e-7,4.2046167537600315e-7,0.,0.,0.
9.453884395233158e-8,3.5854562188315704e-7,7.225980883926016e-7,1.1838237782083441e-6,9.586800769743091e-7,1.5699352815485605e-6,2.538833726132402e-6,4.2220410715182935e-6,7.63099852613019e-6,0.057782488475947996,0.00006450212833928099,0.,0.,0.,0.,0.,0.,0.,0.,4.4981172122256476e-7,0.,0.,0.,0.,0.,0.,0.,0.,4.233005068169009e-7,0.,0.,0.,0.,0.,0.,0.,3.941805640418373e-7,0.,0.,0.,0.,0.,0.,1.951315999048902e-7,0.,0.,0.,0.,0.,2.080521607554191e-7,0.,0.,0.,0.,2.235851331699157e-7,0.,0.,0.,2.430652128077005e-7,0.,0.,2.692464179651569e-7,0.,2.439639652742309e-7,4.791223678095805e-7,0.
3.551213788611059e-7,1.3212671780991826e-6,2.618179620747606e-6,4.2150233274504385e-6,3.3513515546893993e-6,5.383482291842572e-6,8.52776177565004e-6,0.000013862131792739008,0.000024406411084726382,0.00005287429469064238,0.25843844726177206,0.,0.,0.,0.,0.,0.,0.,0.,0.,1.9650520035945834e-6,0.,0.,0.,0.,0.,0.,0.,0.,1.8079512305875986e-6,0.,0.,0.,0.,0.,0.,0.,1.6446250416011795e-6,0.,0.,0.,0.,0.,0.,7.941884727718011e-7,0.,0.,0.,0.,0.,8.25036312740631e-7,0.,0.,0.,0.,8.621250978172662e-7,0.,0.,0.,9.086360791528289e-7,0.,0.,9.711491413102415e-7,0.,1.0673261935691201e-6,1.3201969690500296e-6
0.,1.0039794539490419e-7,0.,0.,0.,0.,0.,0.,0.,0.,0.,0.00918002318407883,1.9569087589351957e-7,2.1040558958914268e-7,1.180503378876582e-7,1.3948426967716857e-7,1.690684307987937e-7,2.1297351823301287e-7,2.8634174712445174e-7,4.4166872910796695e-7,1.7909617692521221e-6,0.,0.,0.,0.,0.,0.,0.,0.,0.,0.,0.,0.,0.,0.,0.,0.,0.,0.,0.,0.,0.,0.,0.,0.,0.,0.,0.,0.,0.,0.,0.,0.,0.,0.,0.,0.,0.,0.,0.,0.,0.,0.,0.,0.,0.
0.,6.889100702605585e-8,1.4860332317738493e-7,0.,0.,0.,0.,0.,0.,0.,0.,1.8095694792621548e-7,0.020304080377301113,3.7890581952010483e-7,2.1203889434605155e-7,2.498943817383343e-7,3.0210826814150566e-7,3.795372894861958e-7,5.088081963357048e-7,7.821641312343032e-7,3.147991478484837e-6,3.8755158157548516e-7,2.713529295219968e-7,1.5067364467154288e-7,1.7619265645816186e-7,2.113120409185363e-7,2.6325960375447457e-7,3.4973018432841434e-7,5.318760825145766e-7,2.0891147414374464e-6,0.,0.,0.,0.,0.,0.,0.,0.,0.,0.,0.,0.,0.,0.,0.,0.,0.,0.,0.,0.,0.,0.,0.,0.,0.,0.,0.,0.,0.,0.,0.,0.,0.,0.,0.,0.
0.,7.191886651120359e-8,0.,1.6682502341914448e-7,0.,0.,0.,0.,0.,0.,0.,1.8799504231137085e-7,3.662525717609955e-7,0.02250345580992785,3.7873356770262217e-7,4.4529829034110534e-7,5.370507167576926e-7,6.73012098609524e-7,8.998089587097736e-7,1.3788571363418527e-6,5.510302317119458e-6,0.,5.59262506076579e-7,0.,0.,0.,0.,0.,0.,0.,4.201238454309477e-7,1.516024990568799e-7,1.757384267288283e-7,2.0886166626303577e-7,2.577013963798832e-7,3.3869392314092877e-7,5.084655998624789e-7,1.9370842149615948e-6,0.,0.,0.,0.,0.,0.,0.,0.,0.,0.,0.,0.,0.,0.,0.,0.,0.,0.,0.,0.,0.,0.,0.,0.,0.,0.,0.,0.
0.,3.915395267579221e-8,0.,0.,9.751058894151581e-8,0.,0.,0.,0.,0.,0.,1.0182413753200956e-7,1.9778166313034298e-7,3.6568187570954415e-7,0.012998657097871472,3.701150606181305e-7,4.452141923751528e-7,5.564067687727345e-7,7.41707471622094e-7,1.132615698354816e-6,4.490546298432287e-6,0.,0.,3.1964780548444415e-7,0.,0.,0.,0.,0.,0.,0.,3.11977937186903e-7,0.,0.,0.,0.,0.,0.,1.2205612764453315e-7,9.301172786597349e-8,1.0963273858410777e-7,1.3406179295793075e-7,1.744188508287306e-7,2.5858827414849554e-7,9.55203580825524e-7,0.,0.,0.,0.,0.,0.,0.,0.,0.,0.,0.,0.,0.,0.,0.,0.,0.,0.,0.,0.,0.
0.,4.4862636895881925e-8,0.,0.,0.,1.1978114404735052e-7,0.,0.,0.,0.,0.,1.1603906656321351e-7,2.2467501791071945e-7,4.142779277332583e-7,3.566415287171559e-7,0.015793896717040977,7.267356583784512e-7,9.05529711287729e-7,1.203163037166299e-6,1.8301598080385099e-6,7.191888463338977e-6,0.,0.,0.,3.84524011876575e-7,0.,0.,0.,0.,0.,0.,0.,3.7181397017991726e-7,0.,0.,0.,0.,0.,0.,1.9109804433276736e-7,0.,0.,0.,0.,0.,1.5996588161294323e-7,1.2362919297497284e-7,1.4993553809485508e-7,1.932271935132614e-7,2.83056991560948e-7,1.013816860042253e-6,0.,0.,0.,0.,0.,0.,0.,0.,0.,0.,0.,0.,0.,0.,0.
0.,5.2662726666407815e-8,0.,0.,0.,0.,1.5076345074559586e-7,0.,0.,0.,0.,1.35417732903803e-7,2.612854821823095e-7,4.803484713919334e-7,4.122704047646873e-7,6.98467562107152e-7,0.01967497268975374,1.4357316208566133e-6,1.9005964975592687e-6,2.878277646459004e-6,0.000011194926748776102,0.,0.,0.,0.,4.744184356317147e-7,0.,0.,0.,0.,0.,0.,0.,4.5455094447919855e-7,0.,0.,0.,0.,0.,0.,2.3155690880774202e-7,0.,0.,0.,0.,0.,2.5401495160836473e-7,0.,0.,0.,0.,2.1341033079873006e-7,1.68993104734928e-7,2.1580743182159837e-7,3.1243157725554005e-7,1.0841676310889166e-6,0.,0.,0.,0.,0.,0.,0.,0.,0.,0.
0.,6.410608546369409e-8,0.,0.,0.,0.,0.,1.9714737883718622e-7,0.,0.,0.,1.6377369953101063e-7,3.147678200026928e-7,5.767250556684783e-7,4.932890959248796e-7,8.328039822416442e-7,1.3741727462463101e-6,0.025472931405135554,3.055105086535609e-6,4.602610884845852e-6,0.000017682565599251412,0.,0.,0.,0.,0.,6.084049196811025e-7,0.,0.,0.,0.,0.,0.,0.,5.775809852092289e-7,0.,0.,0.,0.,0.,0.,2.9156985668363724e-7,0.,0.,0.,0.,0.,3.1703119270939916e-7,0.,0.,0.,0.,3.4763904162215366e-7,0.,0.,0.,2.947731296478061e-7,2.4406787330164246e-7,3.491915644193077e-7,1.1721609018155133e-6,0.,0.,0.,0.,0.,0.
0.,8.296865152098834e-8,0.,0.,0.,0.,0.,0.,2.754426867955184e-7,0.,0.,2.103673479273292e-7,4.024733406100499e-7,7.344895012552018e-7,6.256610303793876e-7,1.0518452597867352e-6,1.7279501736465824e-6,2.90326012223264e-6,0.035236064410594264,7.896425933829058e-6,0.00002986629824050221,0.,0.,0.,0.,0.,0.,8.334176342176999e-7,0.,0.,0.,0.,0.,0.,0.,7.836322842032857e-7,0.,0.,0.,0.,0.,0.,3.9178811235926174e-7,0.,0.,0.,0.,0.,4.219421782508055e-7,0.,0.,0.,0.,4.5819211317797315e-7,0.,0.,0.,5.036535823780446e-7,0.,0.,4.3539470213394e-7,3.983838315939826e-7,1.2897861749222863e-6,0.,0.,0.
0.,1.2219101428920313e-7,0.,0.,0.,0.,0.,0.,0.,4.4331867899415616e-7,0.,3.0684756123807006e-7,5.835974696466923e-7,1.0595080803186107e-6,8.976649101611021e-7,1.5007042164666446e-6,2.4507338202533674e-6,4.091189100483888e-6,7.392740290487647e-6,0.05610761755063902,0.0000606715536858943,0.,0.,0.,0.,0.,0.,0.,1.3127625557945452e-6,0.,0.,0.,0.,0.,0.,0.,1.2210613530619951e-6,0.,0.,0.,0.,0.,0.,6.037497821130001e-7,0.,0.,0.,0.,0.,6.42949474757331e-7,0.,0.,0.,0.,6.900750940351132e-7,0.,0.,0.,7.491757705834152e-7,0.,0.,8.286070515208606e-7,0.,7.495404598451849e-7,1.4676868141212218e-6,0.
0.,4.4344141144753636e-7,0.,0.,0.,0.,0.,0.,0.,0.,1.9576457468637375e-6,1.0858499969494955e-6,2.0325503915044767e-6,3.6376623891212762e-6,3.0356790107967305e-6,4.994209508176872e-6,8.015121325622589e-6,0.000013123442932395142,0.000023184661820223577,0.00005023012167334663,0.24296864503025756,0.,0.,0.,0.,0.,0.,0.,0.,5.553330535362752e-6,0.,0.,0.,0.,0.,0.,0.,5.049793276374569e-6,0.,0.,0.,0.,0.,0.,2.4375658511123704e-6,0.,0.,0.,0.,0.,2.5311551168577003e-6,0.,0.,0.,0.,2.6436790990750737e-6,0.,0.,0.,2.7847889109858157e-6,0.,0.,2.9744475771412795e-6,0.,3.266239569917206e-6,4.033411196644972e-6
0.,0.,1.0842104233707976e-7,0.,0.,0.,0.,0.,0.,0.,0.,0.,3.67629815234821e-7,0.,0.,0.,0.,0.,0.,0.,0.,0.010892635125513654,3.8338104057605106e-7,2.1223392799397855e-7,2.47416580474093e-7,2.957892467859924e-7,3.6726391295789645e-7,4.860880163010818e-7,7.359718895989188e-7,2.8610343183823396e-6,0.,0.,0.,0.,0.,0.,0.,0.,0.,0.,0.,0.,0.,0.,0.,0.,0.,0.,0.,0.,0.,0.,0.,0.,0.,0.,0.,0.,0.,0.,0.,0.,0.,0.,0.,0.
0.,0.,7.401625877434146e-8,1.589184458823218e-7,0.,0.,0.,0.,0.,0.,0.,0.,2.4980566474246687e-7,5.32469025569111e-7,0.,0.,0.,0.,0.,0.,0.,3.6108121996168106e-7,0.023635787018556162,3.1602984074658395e-7,3.676702296214398e-7,4.3862464047040254e-7,5.43388641576701e-7,7.174034988273815e-7,1.0829362470838647e-6,4.18011157971675e-6,7.446022879495047e-7,2.6790134314532106e-7,3.097419728841119e-7,3.6711061197538586e-7,4.5161277718637427e-7,5.915739428985634e-7,8.844804347884795e-7,3.3363090857349865e-6,0.,0.,0.,0.,0.,0.,0.,0.,0.,0.,0.,0.,0.,0.,0.,0.,0.,0.,0.,0.,0.,0.,0.,0.,0.,0.,0.,0.
0.,0.,4.005028513822849e-8,0.,9.225493996239783e-8,0.,0.,0.,0.,0.,0.,0.,1.3459188810863813e-7,0.,3.0587009094721654e-7,0.,0.,0.,0.,0.,0.,1.9385989030248692e-7,3.0668519451679967e-7,0.013446934773891979,3.357600058860954e-7,3.9975591848968874e-7,4.941784489580206e-7,6.508835627979826e-7,9.796923349277493e-7,3.7557386584102e-6,0.,5.506593905174346e-7,0.,0.,0.,0.,0.,0.,2.1462379564958666e-7,1.6316766778808266e-7,1.9190925267098998e-7,2.3411499039885621e-7,3.0376465339827643e-7,4.4882117705466496e-7,1.643667211087016e-6,0.,0.,0.,0.,0.,0.,0.,0.,0.,0.,0.,0.,0.,0.,0.,0.,0.,0.,0.,0.,0.
0.,0.,4.5593829056833985e-8,0.,0.,1.1261368713913216e-7,0.,0.,0.,0.,0.,0.,1.5252038428572556e-7,0.,0.,3.697123521678029e-7,0.,0.,0.,0.,0.,2.1884839039963116e-7,3.4541819932361927e-7,3.250906904992518e-7,0.01610494962250573,6.808456224688921e-7,8.396793074375171e-7,1.103031325454506e-6,1.65492424866659e-6,6.2954906690128385e-6,0.,0.,6.539032831926632e-7,0.,0.,0.,0.,0.,0.,3.3492202617204555e-7,0.,0.,0.,0.,0.,2.795138928805555e-7,2.1559790643496182e-7,2.609809093955952e-7,3.3559730083914057e-7,4.902338562906845e-7,1.742868578500129e-6,0.,0.,0.,0.,0.,0.,0.,0.,0.,0.,0.,0.,0.,0.,0.
0.,0.,5.3147666920938584e-8,0.,0.,0.,1.409048459324092e-7,0.,0.,0.,0.,0.,1.768989677784821e-7,0.,0.,0.,4.582620045563931e-7,0.,0.,0.,0.,2.527632662787876e-7,3.9792443973224856e-7,3.73654686543447e-7,6.574040561459807e-7,0.019784534278208813,1.3624431594178967e-6,1.7843868072356665e-6,2.6673480339061892e-6,0.000010056401223732727,0.,0.,0.,7.965366487385406e-7,0.,0.,0.,0.,0.,0.,4.046129745909649e-7,0.,0.,0.,0.,0.,4.4262918603935347e-7,0.,0.,0.,0.,3.7093842911794466e-7,2.9323505520702084e-7,3.738134167931983e-7,5.399491098394466e-7,1.861934161654398e-6,0.,0.,0.,0.,0.,0.,0.,0.,0.,0.
0.,0.,6.419502479824431e-8,0.,0.,0.,0.,1.8320774873551925e-7,0.,0.,0.,0.,2.1246530217928628e-7,0.,0.,0.,0.,5.903900852343741e-7,0.,0.,0.,3.0213446001573025e-7,4.7425302984099374e-7,4.441617384173918e-7,7.793324877854633e-7,1.3100244168203364e-6,0.02526331313122656,2.908666447819925e-6,4.329014913273672e-6,0.000016146545933820833,0.,0.,0.,0.,1.008424886734981e-6,0.,0.,0.,0.,0.,0.,5.078935470039782e-7,0.,0.,0.,0.,0.,5.509936310373706e-7,0.,0.,0.,0.,6.028057164931297e-7,0.,0.,0.,5.100293492301796e-7,4.2164186575055415e-7,6.021623134391247e-7,2.0108551923036246e-6,0.,0.,0.,0.,0.,0.
0.,0.,8.233609730533568e-8,0.,0.,0.,0.,0.,2.5451337887689514e-7,0.,0.,0.,2.706968304360552e-7,0.,0.,0.,0.,0.,8.125660687777865e-7,0.,0.,3.827536129330091e-7,5.98678418037817e-7,5.589161198003532e-7,9.774432872920055e-7,1.637259147369893e-6,2.7771391736599434e-6,0.03445366607448395,7.49433385057981e-6,0.000027571875041242245,0.,0.,0.,0.,0.,1.3628905875749536e-6,0.,0.,0.,0.,0.,0.,6.801851929872945e-7,0.,0.,0.,0.,0.,7.312289703348475e-7,0.,0.,0.,0.,7.925918163075109e-7,0.,0.,0.,8.695475296647639e-7,0.,0.,7.502489431774693e-7,6.854117864157576e-7,2.2099153664088707e-6,0.,0.,0.
0.,0.,1.1986815038103572e-7,0.,0.,0.,0.,0.,0.,4.0713015553725076e-7,0.,0.,3.9069299538446584e-7,0.,0.,0.,0.,0.,0.,1.2866384261328738e-6,0.,5.482860935626333e-7,8.535622801843827e-7,7.934826424087555e-7,1.381458861051796e-6,2.3029014778523495e-6,3.885566850450152e-6,7.0528700304477185e-6,0.05400519874856233,0.00005641746877987644,0.,0.,0.,0.,0.,0.,2.1142875080075956e-6,0.,0.,0.,0.,0.,0.,1.0440882864232788e-6,0.,0.,0.,0.,0.,1.1104441923276652e-6,0.,0.,0.,0.,1.1902170827279126e-6,0.,0.,0.,1.2902608066749144e-6,0.,0.,1.4247195952010417e-6,0.,1.2864354912316592e-6,2.5109277604241203e-6,0.
0.,0.,4.220158259176096e-7,0.,0.,0.,0.,0.,0.,0.,1.7765163670807549e-6,0.,1.3433902722460703e-6,0.,0.,0.,0.,0.,0.,0.,5.501321783313575e-6,1.845841044788228e-6,2.8348597070954926e-6,2.602625863353248e-6,4.4711242438437585e-6,7.34534667863546e-6,0.000012191532115334463,0.000021705275968792926,0.00004717464203910186,0.22647663708307775,0.,0.,0.,0.,0.,0.,0.,8.661280025645749e-6,0.,0.,0.,0.,0.,0.,4.179037873447583e-6,0.,0.,0.,0.,0.,4.337462593217748e-6,0.,0.,0.,0.,4.527939943153229e-6,0.,0.,0.,4.7668060864917535e-6,0.,0.,5.087854337562125e-6,0.,5.581790671738087e-6,6.880408108711996e-6
0.,0.,0.,1.1420595488895462e-7,0.,0.,0.,0.,0.,0.,0.,0.,0.,3.8043327368394034e-7,0.,0.,0.,0.,0.,0.,0.,0.,7.105201531629081e-7,0.,0.,0.,0.,0.,0.,0.,0.012279851859518215,3.1924329614023227e-7,3.68191301690788e-7,4.3524559954425245e-7,5.339146040484192e-7,6.971434190811682e-7,1.0382015881157738e-6,3.878170916341843e-6,0.,0.,0.,0.,0.,0.,0.,0.,0.,0.,0.,0.,0.,0.,0.,0.,0.,0.,0.,0.,0.,0.,0.,0.,0.,0.,0.,0.
0.,0.,0.,4.0317409304376007e-8,8.637198248977593e-8,0.,0.,0.,0.,0.,0.,0.,0.,1.3378759206805156e-7,2.8489203424935064e-7,0.,0.,0.,0.,0.,0.,0.,2.4899332320360903e-7,5.272714298985375e-7,0.,0.,0.,0.,0.,0.,3.031016194614411e-7,0.01366738675739321,2.7319729688190124e-7,3.2237746119971407e-7,3.946939312288294e-7,5.142266227859225e-7,7.637057567925794e-7,2.8334319508707007e-6,3.21413414724859e-7,2.437561435378867e-7,2.860439204518603e-7,3.4808186229466535e-7,4.503411702033278e-7,6.629856325945471e-7,2.405521059001903e-6,0.,0.,0.,0.,0.,0.,0.,0.,0.,0.,0.,0.,0.,0.,0.,0.,0.,0.,0.,0.,0.
0.,0.,0.,4.5641175755481515e-8,0.,1.0476479931327286e-7,0.,0.,0.,0.,0.,0.,0.,1.5091216558560463e-7,0.,3.425192898047175e-7,0.,0.,0.,0.,0.,0.,2.799376384623121e-7,0.,6.286951075238654e-7,0.,0.,0.,0.,0.,3.3980725579896453e-7,2.6560294497039793e-7,0.016168481758950772,5.988927281602582e-7,7.318739286686613e-7,9.514983064807088e-7,1.4093795419949247e-6,5.194213875002539e-6,0.,4.998476964153795e-7,0.,0.,0.,0.,0.,4.1583484570517477e-7,3.2008299490592424e-7,3.866864579556426e-7,4.96082626813925e-7,7.224929590676262e-7,2.5480667926539827e-6,0.,0.,0.,0.,0.,0.,0.,0.,0.,0.,0.,0.,0.,0.,0.
0.,0.,0.,5.287669298665784e-8,0.,0.,1.3029346113587355e-7,0.,0.,0.,0.,0.,0.,1.7414446275722904e-7,0.,0.,4.22359769971969e-7,0.,0.,0.,0.,0.,3.21845161148864e-7,0.,0.,7.689523619348288e-7,0.,0.,0.,0.,3.89438538637982e-7,3.0378759051036683e-7,5.806348654187108e-7,0.019620604633156048,1.2404805330274801e-6,1.6088131998797842e-6,2.375747525315885e-6,8.688142184469563e-6,0.,0.,6.019544516076525e-7,0.,0.,0.,0.,0.,6.565918632985306e-7,0.,0.,0.,0.,5.487764759452223e-7,4.3303308406480704e-7,5.509961164665092e-7,7.939297644654403e-7,2.719154188519507e-6,0.,0.,0.,0.,0.,0.,0.,0.,0.,0.
0.,0.,0.,6.342667500139103e-8,0.,0.,0.,1.684150470097387e-7,0.,0.,0.,0.,0.,2.0794849069140082e-7,0.,0.,0.,5.413450523116971e-7,0.,0.,0.,0.,3.826977041902972e-7,0.,0.,0.,9.775415345470673e-7,0.,0.,0.,4.6137266370769103e-7,3.590639115489074e-7,6.848381679645556e-7,1.197704129098578e-6,0.024743686746082568,2.690451555674674e-6,3.958595894242799e-6,0.000014342049194951467,0.,0.,0.,7.531275318304683e-7,0.,0.,0.,0.,0.,8.150715535704341e-7,0.,0.,0.,0.,8.895368388663052e-7,0.,0.,0.,7.508831809222164e-7,6.197198562858329e-7,8.833226373051986e-7,2.9331353986090313e-6,0.,0.,0.,0.,0.,0.
0.,0.,0.,8.068777564327061e-8,0.,0.,0.,0.,2.3257436097389846e-7,0.,0.,0.,0.,2.631155602801861e-7,0.,0.,0.,0.,7.411341657450224e-7,0.,0.,0.,4.817580331380037e-7,0.,0.,0.,0.,1.3269390513187241e-6,0.,0.,5.782047433078318e-7,4.4870613581041646e-7,8.535888102830064e-7,1.4886433491073674e-6,2.580025357884612e-6,0.03330420203989569,6.966397047207653e-6,0.000024939364555221585,0.,0.,0.,0.,1.0050249545484075e-6,0.,0.,0.,0.,0.,1.0783857589272139e-6,0.,0.,0.,0.,1.1665775730184033e-6,0.,0.,0.,1.2771794970431151e-6,0.,0.,1.0996550583486545e-6,1.0029350987062144e-6,3.2191434630078876e-6,0.,0.,0.
0.,0.,0.,1.1622381887513108e-7,0.,0.,0.,0.,0.,3.6963019704191837e-7,0.,0.,0.,3.762984249165327e-7,0.,0.,0.,0.,0.,1.1666609571427425e-6,0.,0.,6.842986072841284e-7,0.,0.,0.,0.,0.,2.068819210818752e-6,0.,8.163324492182413e-7,6.310365177541801e-7,1.1961580440086954e-6,2.0779884965420694e-6,3.585858187286224e-6,6.588662066305278e-6,0.05142572966820422,0.00005165882354562196,0.,0.,0.,0.,0.,1.5362799281107197e-6,0.,0.,0.,0.,0.,1.6316475285003964e-6,0.,0.,0.,0.,1.7462985965173073e-6,0.,0.,0.,1.8900829593367397e-6,0.,0.,2.083329292438012e-6,0.,1.877402024159754e-6,3.6515494875041614e-6,0.
0.,0.,0.,3.97424438515546e-7,0.,0.,0.,0.,0.,0.,1.5922679724009272e-6,0.,0.,1.2609862739622603e-6,0.,0.,0.,0.,0.,0.,4.928840880218942e-6,0.,2.2479488838718274e-6,0.,0.,0.,0.,0.,0.,8.566103449600004e-6,2.633639962509088e-6,2.011826463828885e-6,3.771602939521634e-6,6.472689937280882e-6,0.000011015948272690689,0.000019909655788297403,0.000043630468280743704,0.208845691214619,0.,0.,0.,0.,0.,0.,6.091554869333324e-6,0.,0.,0.,0.,0.,6.319245002007558e-6,0.,0.,0.,0.,6.593002554465821e-6,0.,0.,0.,6.936304604555369e-6,0.,0.,7.397720305543639e-6,0.,8.10761351275265e-6,9.973964222303124e-6
0.,0.,0.,0.,3.247893046724184e-8,0.,0.,0.,0.,0.,0.,0.,0.,0.,1.0660949480627559e-7,0.,0.,0.,0.,0.,0.,0.,0.,1.9641545756971359e-7,0.,0.,0.,0.,0.,0.,0.,3.0831022381641546e-7,0.,0.,0.,0.,0.,0.,0.0036797087237985353,1.475095607134911e-7,1.7271598143313973e-7,2.096589501148746e-7,2.7048221546879246e-7,3.967652019993278e-7,1.4261532088485075e-6,0.,0.,0.,0.,0.,0.,0.,0.,0.,0.,0.,0.,0.,0.,0.,0.,0.,0.,0.,0.,0.
0.,0.,0.,0.,2.4214317161280545e-8,5.1809277848736936e-8,0.,0.,0.,0.,0.,0.,0.,0.,7.922564361359077e-8,1.6865531003039145e-7,0.,0.,0.,0.,0.,0.,0.,1.455213896717911e-7,3.082989441911719e-7,0.,0.,0.,0.,0.,0.,2.277654168232943e-7,4.803255240790643e-7,0.,0.,0.,0.,0.,1.4008485363100627e-7,0.008603335625521024,2.5553169144938677e-7,3.096654461255346e-7,3.987187094967911e-7,5.834112087011006e-7,2.0833053016271657e-6,3.2094693698574505e-7,2.4649279397168173e-7,2.97139210073074e-7,3.8023340822076933e-7,5.519513357436197e-7,1.929384242931649e-6,0.,0.,0.,0.,0.,0.,0.,0.,0.,0.,0.,0.,0.,0.,0.
0.,0.,0.,0.,2.7898155920997746e-8,0.,6.402860457013154e-8,0.,0.,0.,0.,0.,0.,0.,9.099493517301911e-8,0.,2.0683790863849036e-7,0.,0.,0.,0.,0.,0.,1.666470489393346e-7,0.,3.7531485861614705e-7,0.,0.,0.,0.,0.,2.6009755454001117e-7,0.,5.805728369371652e-7,0.,0.,0.,0.,1.5956737421718088e-7,2.486555334867247e-7,0.010325282821891463,5.722377048667672e-7,7.353637946676806e-7,1.0733049280900265e-6,3.8073183384389737e-6,0.,5.051781551193041e-7,0.,0.,0.,0.,4.210001381682376e-7,3.3154853585916644e-7,4.210030585926403e-7,6.049884416340577e-7,2.0564051244686323e-6,0.,0.,0.,0.,0.,0.,0.,0.,0.,0.
0.,0.,0.,0.,3.325369881605578e-8,0.,0.,8.224878530810244e-8,0.,0.,0.,0.,0.,0.,1.0807490535825098e-7,0.,0.,2.636629255363914e-7,0.,0.,0.,0.,0.,1.9725170141057934e-7,0.,0.,4.748530811764714e-7,0.,0.,0.,0.,3.068553203588181e-7,0.,0.,7.291610011782848e-7,0.,0.,0.,1.8769649313252816e-7,2.9193646427492375e-7,5.546256070283347e-7,0.012872072061567253,1.2880311450410055e-6,1.874328047264848e-6,6.595631786988115e-6,0.,0.,6.252216149911711e-7,0.,0.,0.,0.,6.805205192747095e-7,0.,0.,0.,5.729824447747792e-7,4.720242745435986e-7,6.713546078732931e-7,2.215266616888485e-6,0.,0.,0.,0.,0.,0.
0.,0.,0.,0.,4.1984575512412616e-8,0.,0.,0.,1.1286165093101708e-7,0.,0.,0.,0.,0.,1.3585929480766813e-7,0.,0.,0.,3.5892625767189727e-7,0.,0.,0.,0.,2.4692979432510956e-7,0.,0.,0.,6.413364841998772e-7,0.,0.,0.,3.825897636283289e-7,0.,0.,0.,9.770806219194526e-7,0.,0.,2.331655529148899e-7,3.618040665639937e-7,6.858362595650601e-7,1.2402881567837099e-6,0.017110764471210925,3.3931815116129007e-6,0.000011817855103645194,0.,0.,0.,8.244418885222538e-7,0.,0.,0.,0.,8.899342940305301e-7,0.,0.,0.,9.720685307854665e-7,0.,0.,8.350169951749613e-7,7.60150079616588e-7,2.4275868928878923e-6,0.,0.,0.
0.,0.,0.,0.,5.98715045014808e-8,0.,0.,0.,0.,1.7811548475849364e-7,0.,0.,0.,0.,1.9261272723023755e-7,0.,0.,0.,0.,5.614135251615648e-7,0.,0.,0.,3.481037807583887e-7,0.,0.,0.,0.,9.941580971689357e-7,0.,0.,5.363703003310216e-7,0.,0.,0.,0.,1.5008462912811552e-6,0.,3.252321054085784e-7,5.030097232282585e-7,9.505424461489222e-7,1.7129570528851668e-6,3.224774463661659e-6,0.02603742708247829,0.00002496893781057721,0.,0.,0.,0.,1.2423968630135634e-6,0.,0.,0.,0.,1.3275382585140311e-6,0.,0.,0.,1.4343141471018089e-6,0.,0.,1.5778211518411134e-6,0.,1.4187166657277504e-6,2.7485126402101922e-6,0.
0.,0.,0.,0.,1.9896375933923914e-7,0.,0.,0.,0.,0.,7.564434447574292e-7,0.,0.,0.,6.292103855290039e-7,0.,0.,0.,0.,0.,2.340537015738287e-6,0.,0.,1.1179654346737278e-6,0.,0.,0.,0.,0.,4.065873950629589e-6,0.,1.6935486913749545e-6,0.,0.,0.,0.,0.,6.0163888682048096e-6,1.0106713859387084e-6,1.5468058514166563e-6,2.893692186082048e-6,5.154783152668155e-6,9.570259873311867e-6,0.000021307028208334056,0.10232891688908552,0.,0.,0.,0.,0.,4.766202277688468e-6,0.,0.,0.,0.,4.969498245643384e-6,0.,0.,0.,5.224438214796403e-6,0.,0.,5.567090949888202e-6,0.,6.094265988661005e-6,7.480202908866292e-6
0.,0.,0.,0.,0.,4.178292679907649e-8,0.,0.,0.,0.,0.,0.,0.,0.,0.,1.3546414829393751e-7,0.,0.,0.,0.,0.,0.,0.,0.,2.466631213084366e-7,0.,0.,0.,0.,0.,0.,0.,3.8285643855324034e-7,0.,0.,0.,0.,0.,0.,3.0800910180798725e-7,0.,0.,0.,0.,0.,0.004931698470778133,3.0437932995006866e-7,3.6614129985019685e-7,4.673592893236329e-7,6.762162379176826e-7,2.342789791221756e-6,0.,0.,0.,0.,0.,0.,0.,0.,0.,0.,0.,0.,0.,0.,0.
0.,0.,0.,0.,0.,3.1630927041948884e-8,6.775512214022324e-8,0.,0.,0.,0.,0.,0.,0.,0.,1.0226317011115938e-7,2.180886294437139e-7,0.,0.,0.,0.,0.,0.,0.,1.8570543110522747e-7,3.9434613492857155e-7,0.,0.,0.,0.,0.,0.,2.874857315360971e-7,6.079260181394215e-7,0.,0.,0.,0.,0.,2.306821211146814e-7,4.857735202536615e-7,0.,0.,0.,0.,2.902017524372805e-7,0.011676266472518345,5.274870980796374e-7,6.721014722403829e-7,9.701765230264913e-7,3.339520374377429e-6,6.630295918844405e-7,5.210350570254292e-7,6.601448719030347e-7,9.458499370920722e-7,3.1882615848214145e-6,0.,0.,0.,0.,0.,0.,0.,0.,0.,0.
0.,0.,0.,0.,0.,3.748713606431405e-8,0.,8.647219989231099e-8,0.,0.,0.,0.,0.,0.,0.,1.2085451575407346e-7,0.,2.7641382588782254e-7,0.,0.,0.,0.,0.,0.,2.1886632630236764e-7,0.,4.964220000388269e-7,0.,0.,0.,0.,0.,3.3791698619058005e-7,0.,7.601614696194052e-7,0.,0.,0.,0.,2.704277344144373e-7,0.,6.03316099869372e-7,0.,0.,0.,3.3938599624625493e-7,5.130505238457503e-7,0.014403366053275891,1.2795971651024202e-6,1.8425776565426857e-6,6.299337505039511e-6,0.,1.0685203888103802e-6,0.,0.,0.,8.971737447308462e-7,7.376066230555132e-7,1.046608746004123e-6,3.42944862479791e-6,0.,0.,0.,0.,0.,0.
0.,0.,0.,0.,0.,4.700071276727079e-8,0.,0.,1.178612252961336e-7,0.,0.,0.,0.,0.,0.,1.5100166424210601e-7,0.,0.,3.7402045823041734e-7,0.,0.,0.,0.,0.,2.7254063647512773e-7,0.,0.,6.668692335730875e-7,0.,0.,0.,0.,4.193942553876003e-7,0.,0.,1.0137781993244957e-6,0.,0.,0.,3.34518692969491e-7,0.,0.,7.986499145259124e-7,0.,0.,4.185558407095032e-7,6.314557995697231e-7,1.2369597361655804e-6,0.018923811907837984,3.4936632854518563e-6,0.000011839289887213187,0.,0.,1.3930193913079386e-6,0.,0.,0.,1.5177567385295371e-6,0.,0.,1.3004508761324793e-6,1.1814097238638286e-6,3.7517723751460493e-6,0.,0.,0.
0.,0.,0.,0.,0.,6.639748879058496e-8,0.,0.,0.,1.846104052195016e-7,0.,0.,0.,0.,0.,2.123129144168076e-7,0.,0.,0.,5.810223169246942e-7,0.,0.,0.,0.,3.814234182128097e-7,0.,0.,0.,1.0273275421635797e-6,0.,0.,0.,5.842528329958168e-7,0.,0.,0.,1.5485198870290536e-6,0.,0.,4.6385289793893956e-7,0.,0.,0.,1.2091751774927545e-6,0.,5.779199479210649e-7,8.69389321008994e-7,1.6982385549935726e-6,3.3357990454126174e-6,0.02839364167715412,0.00002577543180972559,0.,0.,0.,2.0700699527759658e-6,0.,0.,0.,2.2322305983176804e-6,0.,0.,2.4501750002894703e-6,0.,2.197690407297743e-6,4.2388399693361175e-6,0.
0.,0.,0.,0.,0.,2.1460030223194852e-7,0.,0.,0.,0.,7.719051110070531e-7,0.,0.,0.,0.,6.764128487399398e-7,0.,0.,0.,0.,2.3872172429104794e-6,0.,0.,0.,1.1978005816142195e-6,0.,0.,0.,0.,4.14483628217446e-6,0.,0.,1.8082769702041265e-6,0.,0.,0.,0.,6.1298793015635435e-6,0.,1.4142983718444394e-6,0.,0.,0.,0.,4.690137381394986e-6,1.7376748082776887e-6,2.5892325644100026e-6,5.009673578121085e-6,9.726763122250768e-6,0.000022226956369559596,0.10795531940871589,0.,0.,0.,0.,7.676172020629233e-6,0.,0.,0.,8.063349597894122e-6,0.,0.,8.583737056196294e-6,0.,9.384358906613207e-6,0.000011489119192616356
0.,0.,0.,0.,0.,0.,5.4868350638649645e-8,0.,0.,0.,0.,0.,0.,0.,0.,0.,1.7598785133089015e-7,0.,0.,0.,0.,0.,0.,0.,0.,3.1712450970073095e-7,0.,0.,0.,0.,0.,0.,0.,4.872233700424534e-7,0.,0.,0.,0.,0.,0.,3.879968877642686e-7,0.,0.,0.,0.,0.,6.366878496280091e-7,0.,0.,0.,0.,0.006697795482716318,6.250887455280097e-7,7.901827616729187e-7,1.1287494573969184e-6,3.771892794496213e-6,0.,0.,0.,0.,0.,0.,0.,0.,0.,0.
0.,0.,0.,0.,0.,0.,4.257547944763479e-8,9.154949900262642e-8,0.,0.,0.,0.,0.,0.,0.,0.,1.3621491986161126e-7,2.917428584819035e-7,0.,0.,0.,0.,0.,0.,0.,2.448460454091518e-7,5.223523081161842e-7,0.,0.,0.,0.,0.,0.,3.752517230315218e-7,7.974309757489505e-7,0.,0.,0.,0.,0.,2.980862136843212e-7,6.309310831033202e-7,0.,0.,0.,0.,4.879337093070792e-7,1.0286364130855368e-6,0.,0.,0.,5.963381272267482e-7,0.016243714486871903,1.1806326831076416e-6,1.6826888719696846e-6,5.586243816253032e-6,1.366767147947447e-6,1.1211300994758654e-6,1.5865377572142557e-6,5.157237721076323e-6,0.,0.,0.,0.,0.,0.
0.,0.,0.,0.,0.,0.,5.30298443875956e-8,0.,1.2387178077868192e-7,0.,0.,0.,0.,0.,0.,0.,1.692020643127364e-7,0.,3.9216711231681997e-7,0.,0.,0.,0.,0.,0.,3.033237594883551e-7,0.,6.975657742528626e-7,0.,0.,0.,0.,0.,4.636318237991984e-7,0.,1.0578981822688174e-6,0.,0.,0.,0.,3.672909510440466e-7,0.,8.313407794020625e-7,0.,0.,0.,5.99573563745949e-7,0.,1.346040889865401e-6,0.,0.,7.308947600279628e-7,1.1455702960648037e-6,0.02110274881353849,3.4909422433565076e-6,0.000011503947305979727,0.,2.3047907294845563e-6,0.,0.,1.9690949555673083e-6,1.784633942322474e-6,5.630905351213154e-6,0.,0.,0.
0.,0.,0.,0.,0.,0.,7.424143446852407e-8,0.,0.,1.9241903759428872e-7,0.,0.,0.,0.,0.,0.,2.359917668426224e-7,0.,0.,6.045975963031906e-7,0.,0.,0.,0.,0.,4.214724746230372e-7,0.,0.,1.0672070357553862e-6,0.,0.,0.,0.,6.418062004895601e-7,0.,0.,1.6058384686722671e-6,0.,0.,0.,5.064898080194875e-7,0.,0.,1.2516455816223914e-6,0.,0.,8.235981271173411e-7,0.,0.,2.0095218387080855e-6,0.,1.0002891082836144e-6,1.5637699845233399e-6,3.3486166346203428e-6,0.03122533686820549,0.000026377922648207583,0.,0.,3.3772679907750495e-6,0.,0.,3.6976984354301315e-6,0.,3.307299179447389e-6,6.3464401730827135e-6,0.
0.,0.,0.,0.,0.,0.,2.3339538096034087e-7,0.,0.,0.,7.904979511187112e-7,0.,0.,0.,0.,0.,7.331503009341302e-7,0.,0.,0.,2.443351414852273e-6,0.,0.,0.,0.,1.2937629667629818e-6,0.,0.,0.,4.239791709123998e-6,0.,0.,0.,1.9461816497367416e-6,0.,0.,0.,6.266358114085563e-6,0.,0.,1.5164613246930245e-6,0.,0.,0.,4.7912617399426126e-6,0.,2.4339149902080347e-6,0.,0.,0.,7.537157750602967e-6,2.919052096139832e-6,4.522834709017227e-6,9.593215359712642e-6,0.000022996581672503927,0.11471746152624612,0.,0.,0.,0.000012083094475125872,0.,0.,0.000012848188632239653,0.,0.00001402529438042407,0.000017119680755253787
0.,0.,0.,0.,0.,0.,0.,7.47354890631904e-8,0.,0.,0.,0.,0.,0.,0.,0.,0.,2.374178088539691e-7,0.,0.,0.,0.,0.,0.,0.,0.,4.2376153562376437e-7,0.,0.,0.,0.,0.,0.,0.,6.448971676976157e-7,0.,0.,0.,0.,0.,0.,5.086092917314453e-7,0.,0.,0.,0.,0.,8.265174394166692e-7,0.,0.,0.,0.,1.3112925245641399e-6,0.,0.,0.,0.009386980678999627,1.3685938687088672e-6,1.9312057880343977e-6,6.223812544069058e-6,0.,0.,0.,0.,0.,0.
0.,0.,0.,0.,0.,0.,0.,6.059264881635311e-8,1.314088417127549e-7,0.,0.,0.,0.,0.,0.,0.,0.,1.9203210945343985e-7,4.149223249389223e-7,0.,0.,0.,0.,0.,0.,0.,3.4193695762449757e-7,7.360577630750681e-7,0.,0.,0.,0.,0.,0.,5.191213381262184e-7,1.1132220329116117e-6,0.,0.,0.,0.,0.,4.083985082810674e-7,8.723327702456939e-7,0.,0.,0.,0.,6.619934832004945e-7,1.4082976692150465e-6,0.,0.,0.,1.047498978790795e-6,2.2189405294797023e-6,0.,0.,1.302082141855444e-6,0.023834709448836634,3.237345147993318e-6,0.0000103613214637944,3.022129541860339e-6,2.7314199091924763e-6,8.552184678909688e-6,0.,0.,0.
0.,0.,0.,0.,0.,0.,0.,8.408065306324121e-8,0.,2.0221055375227966e-7,0.,0.,0.,0.,0.,0.,0.,2.656936790598778e-7,0.,6.341592503300036e-7,0.,0.,0.,0.,0.,0.,4.7170827241362033e-7,0.,1.117212571763386e-6,0.,0.,0.,0.,0.,7.139980770581794e-7,0.,1.6777105178340346e-6,0.,0.,0.,0.,5.599707363081339e-7,0.,1.3048988799268642e-6,0.,0.,0.,9.048064065777598e-7,0.,2.0904005091485297e-6,0.,0.,1.4269399820387664e-6,0.,3.266652150077377e-6,0.,1.7679273788012653e-6,3.1198673219531347e-6,0.03477553500987364,0.000026400532723777856,0.,5.653023675266046e-6,0.,5.039237354378186e-6,9.61074044809381e-6,0.
0.,0.,0.,0.,0.,0.,0.,2.569709516492104e-7,0.,0.,8.138093323606926e-7,0.,0.,0.,0.,0.,0.,8.04318441627933e-7,0.,0.,2.5137309670677063e-6,0.,0.,0.,0.,0.,1.4141318069999373e-6,0.,0.,4.35884338992301e-6,0.,0.,0.,0.,2.1191587514189907e-6,0.,0.,6.4374687897135685e-6,0.,0.,0.,1.6446054388736475e-6,0.,0.,4.918045365085538e-6,0.,0.,2.6284955265430912e-6,0.,0.,7.729710695433683e-6,0.,4.097287430711417e-6,0.,0.,0.000011829496030419564,5.017672959525856e-6,8.77776396318135e-6,0.000023286532714948146,0.12319463032914521,0.,0.,0.000019450321220592004,0.,0.000021193466948153807,0.000025775650669858057
0.,0.,0.,0.,0.,0.,0.,0.,1.0896305221473616e-7,0.,0.,0.,0.,0.,0.,0.,0.,0.,3.4306765829891135e-7,0.,0.,0.,0.,0.,0.,0.,0.,6.068242767113561e-7,0.,0.,0.,0.,0.,0.,0.,9.150443498303229e-7,0.,0.,0.,0.,0.,0.,7.148156471496208e-7,0.,0.,0.,0.,0.,1.1503087714643093e-6,0.,0.,0.,0.,1.806301305036561e-6,0.,0.,0.,2.8907211781455407e-6,0.,0.,0.014031647193165261,3.6003899555013575e-6,0.000011174456221499821,0.,0.,0.
0.,0.,0.,0.,0.,0.,0.,0.,9.732002623282282e-8,2.153694222020603e-7,0.,0.,0.,0.,0.,0.,0.,0.,3.056596943317688e-7,6.738873902841568e-7,0.,0.,0.,0.,0.,0.,0.,5.39303978344049e-7,1.1844155610277484e-6,0.,0.,0.,0.,0.,0.,8.111369548958364e-7,1.774300405263703e-6,0.,0.,0.,0.,0.,6.319325424132317e-7,1.3764669740000569e-6,0.,0.,0.,0.,1.0140764545760052e-6,2.1990952311355083e-6,0.,0.,0.,1.5876133996708938e-6,3.4265186454811104e-6,0.,0.,2.532434349170978e-6,5.437155331766778e-6,0.,3.396229451377378e-6,0.03954529172800865,0.000024654236939690356,8.175462715824646e-6,0.000015471229759230435,0.
0.,0.,0.,0.,0.,0.,0.,0.,2.8869395821663766e-7,0.,8.45139065283292e-7,0.,0.,0.,0.,0.,0.,0.,9.000813623546691e-7,0.,2.6083189833757913e-6,0.,0.,0.,0.,0.,0.,1.5760983138934996e-6,0.,4.518845675345852e-6,0.,0.,0.,0.,0.,2.3519135881186177e-6,0.,6.6674375941416465e-6,0.,0.,0.,0.,1.8170331807644007e-6,0.,5.0884401658130705e-6,0.,0.,0.,2.8903171989184954e-6,0.,7.98849915330343e-6,0.,0.,4.4822759190758694e-6,0.,0.000012210117577521443,0.,7.075039763970024e-6,0.,0.00001895816730193349,9.383902443830508e-6,0.00002202969027743304,0.13458264455005672,0.,0.00003402287070226989,0.000041185790956865704
0.,0.,0.,0.,0.,0.,0.,0.,0.,1.8514075800846162e-7,0.,0.,0.,0.,0.,0.,0.,0.,0.,5.777196750874998e-7,0.,0.,0.,0.,0.,0.,0.,0.,1.0125213087229918e-6,0.,0.,0.,0.,0.,0.,0.,1.5123265348494443e-6,0.,0.,0.,0.,0.,0.,1.1695496715490273e-6,0.,0.,0.,0.,0.,1.8623363935394991e-6,0.,0.,0.,0.,2.8914022846799754e-6,0.,0.,0.,4.569773599638072e-6,0.,0.,7.7637896122233e-6,0.,0.024378392832608082,0.000025210489208025683,0.
0.,0.,0.,0.,0.,0.,0.,0.,0.,3.3778064845137636e-7,8.933336006483229e-7,0.,0.,0.,0.,0.,0.,0.,0.,1.0482600337199915e-6,2.7538237971880316e-6,0.,0.,0.,0.,0.,0.,0.,1.8267162134825463e-6,4.764977394135003e-6,0.,0.,0.,0.,0.,0.,2.7120637496401222e-6,7.0211990395678215e-6,0.,0.,0.,0.,0.,2.0838353357538096e-6,5.350558930685373e-6,0.,0.,0.,0.,3.295437716524011e-6,8.386594324487411e-6,0.,0.,0.,5.077967288391915e-6,0.000012795629385567217,0.,0.,7.957822607417923e-6,0.000019826139652181593,0.,0.00001338577927351517,0.00003289772809013845,0.000022132864269646523,0.15209149117592172,0.00007774845224317213
0.,0.,0.,0.,0.,0.,0.,0.,0.,0.,1.0192434381003359e-6,0.,0.,0.,0.,0.,0.,0.,0.,0.,3.1339019537207534e-6,0.,0.,0.,0.,0.,0.,0.,0.,5.4077974431075675e-6,0.,0.,0.,0.,0.,0.,0.,7.944938184073215e-6,0.,0.,0.,0.,0.,0.,6.034849806328846e-6,0.,0.,0.,0.,0.,9.425600728938079e-6,0.,0.,0.,0.,0.000014323311496430424,0.,0.,0.,0.00002208992330826409,0.,0.,0.000036445507816481175,0.,0.00007257614051641234,0.1319939566481681